ticker,asset_class,DRLC_gate_pass,mean_PDAIS_EW,mean_PDAIS_RF,mean_PDAIS_LF,std_PDAIS_EW,mean_LQ_raw
ABBV,Equity,True,69.0691626837745,75.34262634061668,56.996458537201526,9.26059888127594,20.288008249551332
ABT,Equity,True,64.5813200496314,71.09583948862402,51.92701448238695,8.265113498443352,20.037439617456567
ADA-USD,Crypto,True,30.57808426552586,34.503437212872484,24.096108156786187,16.814938135535893,19.317666879042985
ADBE,Equity,True,56.467646176860505,57.13885859634449,55.36238860429769,14.524875477059854,20.900242830072287
AEP,Equity,True,59.64428342394544,69.7563122018623,40.21644628214244,7.4270526354695185,19.1388122421961
AMD,Equity,True,49.24794564826535,40.84718816867808,64.93682267181518,15.184032009104111,22.34261251652866
AMGN,Equity,True,65.99585991029316,72.64638578951394,52.983029111128126,8.968434023473925,20.061076109859712
AMT,Equity,True,57.32409773991789,63.882640637611125,44.46826811381471,8.929204440273425,19.715124946638475
BA,Equity,True,53.94318224411196,51.46290944840984,58.3973666431792,10.963028673987441,21.36355126064249
BCH-USD,Crypto,True,48.7719303709375,49.09214269837852,51.20103860624369,13.591550373043663,26.322967326658926
BTC-USD,Crypto,True,94.58572998736315,93.33350244470961,96.75143799241789,8.822447291915145,34.174556810417045
CAT,Equity,True,56.85519054957551,61.18442199689852,48.101712251415385,9.504469363065672,20.118329492738397
CCI,Equity,True,53.56406490059654,61.480705474233275,38.156193885480334,9.664253696024437,19.300429580282575
CMCSA,Equity,True,63.15635613631038,67.80157603809155,54.586794601199145,11.555847219728411,20.40412433997996
COP,Equity,True,43.88314322287545,46.538479811330355,38.3158090178771,9.583735904807213,19.91308006775637
CVX,Equity,True,61.43004683298851,64.32093236847643,56.120428099875674,7.789492821831076,20.668717549408715
D,Equity,True,57.25820174519475,66.79029034469407,39.077082059143144,10.13560739314373,19.164903465478957
DD,Equity,True,48.24272294077414,55.963604430167145,33.136273688255486,10.662551309138093,19.120090088508167
DIS,Equity,True,62.120444024894226,63.72295034913815,59.373483338782215,11.503577951661029,20.960964051344963
DOW,Equity,True,47.19048441776835,54.79443626958634,32.33896879501458,7.23764998974664,19.09114419331472
DUK,Equity,True,62.95084301536993,72.82370117933147,43.559535672846025,6.015465359228804,19.27918068486478
EA,Equity,True,57.21085717351749,65.4949915558718,41.62553069855031,11.31938619127008,19.426074814410622
EOS-USD,Crypto,True,32.581992253980474,36.41693262524565,28.872639401284776,16.529725322731455,20.876490489999764
ETC-USD,Crypto,True,34.067749711026025,35.2237602734392,34.642053079713754,16.831847147195184,22.99760931948083
ETH-USD,Crypto,True,66.91227837276462,64.98427448898089,71.52103079493799,15.127039148679494,30.435552794417493
GE,Equity,True,52.82878928829079,55.834966793567894,46.26325532694573,8.036049915427428,20.17922897144995
GILD,Equity,True,64.89400623470327,71.91890355962386,50.92391387432187,8.015625168020334,19.91561878215775
GS,Equity,True,61.251853591048125,65.46121834823994,52.78870071648894,6.699873232840757,20.332963181809266
INTC,Equity,True,52.99590218380353,52.96983088126033,53.878369548031806,14.62436051643535,20.96213121182743
KO,Equity,True,75.41915289287853,82.74098147400709,61.53274482738115,4.52294750294531,20.363855686784248
LTC-USD,Crypto,True,47.37095396137534,48.25700490017747,48.280939090223626,14.001498313271878,25.4508590893346
MMM,Equity,True,58.63097229789507,66.0600525046912,44.57570660848674,10.543333716847687,19.6508373760539
MRK,Equity,True,70.08986160651766,76.20456684064465,58.45400299857399,10.323415628943993,20.37400547022735
MS,Equity,True,57.328284030959715,61.47360280592794,48.80156942378868,7.443701152185778,20.158953956494084
NEE,Equity,True,60.386119751263514,66.04220083257987,49.54800664579413,12.374615254729834,20.054479469262095
NEM,Equity,True,47.46645417452821,52.53017535216563,37.733465096724,12.426346023635158,19.63456118485625
NKE,Equity,True,57.83916976995878,61.10478644288078,51.00903992028623,12.31667073526722,20.35828968413153
NUE,Equity,True,35.695966923569195,40.81482020026392,25.116826325316865,9.835295163565185,19.048317619146065
NVDA,Equity,True,54.003322828817126,44.33631003513129,71.61196619149077,15.433404680749916,22.74189663181339
O,Equity,True,55.77167485154614,66.1127746703693,35.90952369702271,8.203135942611741,18.93366249277149
OXY,Equity,True,29.231509700071634,27.56278672491711,31.80993064235182,16.5049879682296,20.153947989113288
PLD,Equity,True,55.053000936943484,62.235888186284626,40.91035813173304,8.423628526207402,19.495179722731333
PSA,Equity,True,55.470500216853324,65.2939460875693,36.15348566255368,8.232829494975249,18.980076119347327
QCOM,Equity,True,50.69038304206173,51.23083552344485,49.315320706516935,12.342261760908709,20.62911540333769
SBUX,Equity,True,60.72923908837418,65.78139166929935,50.78482860510752,10.033825196287665,20.166161895683008
SHW,Equity,True,57.084642739696065,64.2634684994742,42.85785892823035,11.586843113012144,19.572418898692835
SLB,Equity,True,34.059568790793364,35.93910644756701,29.93684331744171,9.392164699954586,19.670204583820595
SO,Equity,True,61.919131242428115,71.78024256597699,42.64322161431585,6.452057899902313,19.25225893029639
T,Equity,True,65.84555735918151,71.32116352106827,55.358062539446706,13.656061707920164,20.313952674672887
TMUS,Equity,True,63.77757249108604,69.65132819540166,52.08680947682647,8.03533665747123,20.08853671808851
TRX-USD,Crypto,True,46.8548427351511,56.543217639710925,29.353022019920747,18.814664473548692,17.39475462824548
TTWO,Equity,True,43.58888352514066,50.11050432881002,30.7241611502501,14.172487997058576,19.147249462844588
UPS,Equity,True,57.91094361042006,63.933345831116185,46.0156917153304,10.182203617883939,19.835179039431498
USB,Equity,True,46.20632106869617,51.77886613101467,35.2104770282967,13.084401705849361,19.45617826531695
V,Equity,True,72.19840335597071,75.0849279183987,66.81260652716936,8.914004000984958,21.108315178939854
WFC,Equity,True,55.59982645061416,57.55499044560011,51.700887826820306,8.294941304100611,20.568414769744507
WMT,Equity,True,74.18705702387255,79.96817383148215,63.3060150532235,10.783086430019605,20.616655107868315
XLM-USD,Crypto,True,33.5441262532705,41.02398735521629,21.262990923451095,15.29686238167486,17.33136126337136
XOM,Equity,True,60.762519015755615,61.85166021862439,58.691524101478954,6.507107613182201,20.97593375048507
XRP-USD,Crypto,True,40.46575299680509,44.71496577618575,33.06428485891885,21.298361957709496,20.660028359854365
