rebalance_date,EQ_ABBV,EQ_ABT,EQ_ADBE,EQ_AEP,EQ_AMD,EQ_AMGN,EQ_AMT,EQ_BA,EQ_CAT,EQ_CCI,EQ_CMCSA,EQ_COP,EQ_CVX,EQ_D,EQ_DD,EQ_DIS,EQ_DOW,EQ_DUK,EQ_EA,EQ_GE,EQ_GILD,EQ_GS,EQ_INTC,EQ_KO,EQ_MMM,EQ_MRK,EQ_MS,EQ_NEE,EQ_NEM,EQ_NKE,EQ_NUE,EQ_NVDA,EQ_O,EQ_OXY,EQ_PLD,EQ_PSA,EQ_QCOM,EQ_SBUX,EQ_SHW,EQ_SLB,EQ_SO,EQ_T,EQ_TMUS,EQ_TTWO,EQ_UPS,EQ_USB,EQ_V,EQ_WFC,EQ_WMT,EQ_XOM,CR_ADA-USD,CR_BCH-USD,CR_BTC-USD,CR_EOS-USD,CR_ETC-USD,CR_ETH-USD,CR_LTC-USD,CR_TRX-USD,CR_XLM-USD,CR_XRP-USD
2021-01-04,0.025127378571117517,0.021266393802988514,0.01698588428311706,0.022571237227414324,0.015458055996807009,0.022213323724849472,0.017619981574148683,0.0070389058211292686,0.017141461111607827,0.018782558330166847,0.01876424889656854,0.008099919800143874,0.008862401406094922,0.018382949547116258,0.0148800259260677,0.016259552124018025,0.008758843687059762,0.017889377744464256,0.029191665724897942,0.013906487336340733,0.03438229777187125,0.013726018369736233,0.015040587591710838,0.021273850294894828,0.020753012434624844,0.025595629190848183,0.012176868722922861,0.017998690082737707,0.03644963267814324,0.01906479084164862,0.010393813527827733,0.013806932653560146,0.014609680190884334,0.006594789271132808,0.01602103225102908,0.023666546338385372,0.01084277812708965,0.015799739567944126,0.01820083671773544,0.007836784134337086,0.016763485155647545,0.020396979261401053,0.01996885985816421,0.027365160862394152,0.02224861108990631,0.013266493681811813,0.015960959987411687,0.012517717277744582,0.03137683832944847,0.010636831909412576,0.010770840090062527,0.01170901384887052,0.015344439357449611,0.012425078400486242,0.012668964241999961,0.011474016183366605,0.012088870124572191,0.013175464705587586,0.007908616581806052,0.008497795657273412
2021-02-01,0.02483558013258126,0.021446240203399004,0.01718292667925188,0.022890295044246216,0.011052271011663973,0.02234593229350293,0.01787806343705833,0.010048040416885184,0.017072225970535326,0.01910617740652522,0.01872224013582149,0.008069472239618396,0.012640675748419636,0.018704684737139557,0.014692490778795237,0.01624576492853644,0.012498906101745748,0.01810643210763595,0.030132738532714316,0.013953309776960519,0.033962001254816104,0.013781475755084678,0.010565351851995124,0.02164119819482836,0.021412393561019254,0.02560713111091287,0.012193863312037936,0.017522768571910194,0.035301550550665625,0.019091422592106624,0.01489969706617749,0.009863698767686543,0.014848546676199925,0.006587757826262625,0.0162000810060718,0.016870286450289235,0.015495133564062602,0.015750726282267844,0.0185199331457275,0.0077774317885629645,0.016778473313022735,0.02067925293068396,0.019792524798920925,0.027307314511929456,0.022473270240688733,0.013190527053244819,0.01612607570275797,0.008589345289911617,0.03148808223526014,0.015165166162316057,0.010251772126899724,0.011494643517778196,0.014526832914624659,0.01225606227421194,0.012681931737280279,0.011097004241745236,0.011770101137435506,0.013406367403814491,0.007017374576762022,0.00839096081898952
2021-03-01,0.025664942437595265,0.021944468432758102,0.017335118579897155,0.0234991517321375,0.011372951392350311,0.023317923605146212,0.01796623083601458,0.010050825539112547,0.017468521135006247,0.019634406088731148,0.01918372762821158,0.00821712155256839,0.012853184330509929,0.018996524789820876,0.010588944876926683,0.016483784898327847,0.012813921662870917,0.018429598109993086,0.03061702929321661,0.014198940256479298,0.032876983486874414,0.013863148466447877,0.010756944902155037,0.02183325135699387,0.021702202379860855,0.025723137005726763,0.01232907204718032,0.017725184514500184,0.035444461306502265,0.019553125471747448,0.015141238579985039,0.014308249941512974,0.015049317648018541,0.006647378558396318,0.016599084979657536,0.02481389114867484,0.011082476118471928,0.015917761657740767,0.018815119569323333,0.00789578423256041,0.016901932135544077,0.02071854405709122,0.01441678671560982,0.019375662992681536,0.023563939745210323,0.009308702498729384,0.016580680367486795,0.008565023134848145,0.03210739895003844,0.015537583187863536,0.010295127308931624,0.011361888666371776,0.014104220498056687,0.012037753287479469,0.012320473335934737,0.010994464194500052,0.011559412148960497,0.013214639478815914,0.009934440360042837,0.008386196385797982
2021-04-01,0.028365387290558753,0.024609661796246896,0.018375500823571506,0.022337968833753646,0.011000406896664018,0.02739303707917519,0.019142523812463542,0.0061429659435573445,0.015314812897298682,0.02134100648019693,0.017427413591074078,0.011374978182959019,0.01263310111470037,0.026300425781964426,0.013736434932463334,0.01645081362997181,0.007994006230063381,0.02213855873931872,0.03642431878557807,0.00959019053953051,0.028078536718010413,0.01488796723420763,0.011773588247043035,0.019261372662538932,0.02264958063809236,0.025413121585006162,0.013083100075384567,0.0185578121184352,0.026626833145423474,0.01974358816182406,0.009875505181177593,0.009853998909371633,0.016005732926167863,0.005105275101427387,0.01618845751254861,0.030087605816786524,0.010409222446709384,0.016354185935351297,0.01903574924213321,0.006664069694144917,0.01771300345505663,0.02163204419698195,0.022372939369622726,0.02337994814518824,0.01916895101741448,0.012057143654351723,0.015409403578725143,0.011846779750715842,0.04176984879532598,0.013126716693352095,0.008363636943820182,0.00926872830805621,0.012333112982836889,0.009234599544249548,0.007285090357823923,0.008928384712131242,0.009555163190919062,0.01254110487130301,0.007042898145560877,0.009221685553669853
2021-05-03,0.030293080214940437,0.023033476238151114,0.019245870913441408,0.028338316983312458,0.010402625906032591,0.026623696561828544,0.020956795648302856,0.005493511534828505,0.014736134247725786,0.021776748661589296,0.017567198719733924,0.007388633705943143,0.012574718726672183,0.033109786043387046,0.013503699596595016,0.015160637444459014,0.00785159437593827,0.026695212614829867,0.03208923301652572,0.008535184648406835,0.029031897054737972,0.014309975558734788,0.011528102343405358,0.02025834925858179,0.022344621665878583,0.029451181835239093,0.013463902889146331,0.01995044499971907,0.025051999324621394,0.020031141800206664,0.008539968296411612,0.009964624194370537,0.017235575060023493,0.0045919292660234695,0.01753208711277719,0.02789038099754889,0.009156050281579564,0.016483181095556,0.02338712286907767,0.006125342650666612,0.021431037916595244,0.02467192016989846,0.018251857931781447,0.027964055669818216,0.01799366849051974,0.012443040649208042,0.0170465308918185,0.011337673918261766,0.040455777319643706,0.011728579151827873,0.007155338858689955,0.007318766434157177,0.010748362556013318,0.007614274422024761,0.008309233806672518,0.008502123033813754,0.007798368141703486,0.007201959969922954,0.0056259965907454156,0.004697399719933526
2021-06-01,0.024824895604656918,0.023262384344792206,0.017918688901147777,0.03131846260524235,0.010703065584188863,0.016952670625176726,0.021482532954141455,0.00803853917702541,0.015984172827892825,0.023714652522665094,0.017534157319900122,0.007280825811357869,0.012614095040975356,0.03367679434241257,0.013503309976074082,0.016483358903335802,0.008463369375312661,0.028124590388866843,0.029964716891128805,0.01354829713868982,0.03048235180743072,0.014874634355846387,0.016397399029633428,0.020561838068304358,0.024549535519225594,0.028588476162292334,0.014560521705634754,0.020892708355568886,0.02165049631746113,0.019418223045710174,0.008185200935240758,0.00947177218591508,0.01801464845475121,0.004756059090980757,0.01901373491056682,0.0333530133929917,0.009326242263146914,0.015939280758280706,0.022387115472342362,0.006684472439393801,0.023754647760521,0.026346462827154908,0.019399768786181076,0.02919190677900123,0.018247020091326744,0.013667913911766954,0.016879870717992716,0.012366015319705463,0.036468796283670224,0.012233778855655433,0.005364377341683483,0.005053975600564635,0.00846126120639339,0.0035586488755276267,0.00518351980173101,0.00656330957329813,0.005759200038863669,0.007230699071565732,0.004463655721593789,0.005303866830101421
2021-07-01,0.02375335974915308,0.017133563261941497,0.018488650320400167,0.031833649436938664,0.0155080380194827,0.021778817626657482,0.023690382326922586,0.00972094082380912,0.016994972526614395,0.027532334012944228,0.016287899866182006,0.007319754063848083,0.012597198863948562,0.031172537206044217,0.013122307358624517,0.017238188365843225,0.012439123033974714,0.027186508336942045,0.02473440425934437,0.014993184339719662,0.027283983343291445,0.01656245500313566,0.015061686013132968,0.021509593296797264,0.027345468578994826,0.03056893542752102,0.014384158127029633,0.01929068900387036,0.012605596408405511,0.022889138601425642,0.008064722380677701,0.012897194735880463,0.019841498863494515,0.005921582162296318,0.02034113147120517,0.03846071647125662,0.013033313360198485,0.01778149068931017,0.023326565175635097,0.007057744168846209,0.02336917795751718,0.03159787789798577,0.018412977077117674,0.017690252236548232,0.019351572977922418,0.014824775466278327,0.016186452881864405,0.01355202984999298,0.028652509033190433,0.009009790857835308,0.0047509846675720824,0.004381454343816218,0.007271793033628069,0.0030999729407774172,0.004418240562642929,0.005664950457563906,0.004869435145510499,0.006762719000283132,0.003868332157597315,0.0045112243726154015
2021-08-02,0.022891765916134767,0.025420324354338344,0.018553462747330086,0.031144021151198076,0.014963764896859383,0.022046949472370188,0.024430999133202156,0.0067872771874843635,0.016829341310454236,0.029067529381213694,0.016404493987358923,0.007349258613307999,0.012766394656093081,0.02986124598770335,0.008895913279638137,0.016742364598359018,0.012444364679666186,0.027747867979767655,0.024462587204446964,0.01017949534393344,0.026592952530177284,0.016193500598782763,0.015183956952337114,0.02218589386552512,0.027449218810647942,0.031224965430991496,0.014001488601751886,0.020003879272896895,0.017849149004514158,0.02338592419282586,0.00776759843252971,0.012739445854991479,0.02056996313605198,0.006001940855056234,0.02047111963905588,0.037859504489681735,0.012150528859913043,0.017862291978050365,0.024618419482322577,0.007022731075081587,0.023949143742282797,0.03103703789053458,0.01824542357330197,0.025763860837690132,0.019006586708412185,0.009892106301815222,0.016174404611557298,0.00909348925611108,0.026948161639203546,0.012790486152104428,0.004601620116642377,0.004289766419065837,0.007107449555537506,0.0029781884651328265,0.003005252945650295,0.0054131216965775655,0.004758715280198961,0.006637844182452991,0.0037527898414622,0.004430655840221011
2021-09-01,0.022635559110544046,0.02576533782036053,0.017983332521669605,0.03262970817511878,0.01101431676979148,0.014610403960105179,0.025494416234058993,0.006742150469475155,0.01637592359443614,0.030501802880286966,0.01626339267160905,0.007470116451299026,0.0129492415000527,0.03064118184209146,0.013123235157695581,0.016675594302394167,0.012716616406084024,0.028468721482376835,0.025639850207845958,0.010487940520474817,0.02683905972422504,0.015939100138769806,0.01537857664832261,0.022743376632131072,0.02724178872394269,0.03056260830470504,0.01366631751995692,0.02087049936465308,0.01836050430009638,0.022772249496954212,0.007819720460256332,0.008963530198715947,0.021611370029705233,0.006077135403965762,0.020966067201513353,0.04013003833499184,0.012077559771820933,0.017581707476037583,0.02444684200182416,0.007102567105453398,0.024636287066310956,0.03064260812169177,0.018652714225497094,0.019322771412654777,0.01977859808918945,0.0138014602342422,0.016045422487634096,0.012716335801236718,0.028169171146786316,0.009006853926156369,0.004473123220878003,0.004258909414211066,0.007076010450334165,0.004219799080479128,0.004270996595474653,0.005464279035100517,0.004748496735487179,0.006686764936542655,0.0037212544587608967,0.0029686826455202014
2021-10-01,0.01508692331682218,0.02743232058063562,0.019234787071245613,0.0301006468278959,0.011364087344935393,0.02196530408968206,0.02668243675112285,0.006838689760584889,0.010721056523738203,0.03482348645709153,0.014964517019424197,0.010558842053041795,0.012669678914965066,0.02916496312910708,0.009604177402835172,0.015341528979964776,0.012490023136381527,0.02885736190554503,0.02932804337869271,0.011011810146688499,0.026408816034825654,0.015103327721316022,0.015471598801283033,0.02296995921471277,0.02739892486436646,0.031820524400290234,0.013435457113066417,0.020313991553829895,0.019187173593320193,0.018265888381512205,0.007382003750646433,0.014360520112246004,0.021017827641682422,0.0057431905068517615,0.02282756349415689,0.04034111340365935,0.012415147331610843,0.017525554764442744,0.025355424550439213,0.006930892459669662,0.023079077808413048,0.028513923583096568,0.018703874179672682,0.02794950782589912,0.019997766472142502,0.01408722972723941,0.01661730212819343,0.008684102322034688,0.02863788028721232,0.011833126373216986,0.004207565611238353,0.003900041981044171,0.006302811237353336,0.0026113269284950076,0.003684071747971309,0.004902697349667976,0.004291490408920432,0.003388920427525135,0.0023548235090476008,0.003736875607287631
2021-11-01,0.02272168475199509,0.029079546284689603,0.02044122632215073,0.02942767603575678,0.012018401572178285,0.021912623652575458,0.026147843710413045,0.010416956390560592,0.015327417966142525,0.03189715935983538,0.010303465557482237,0.011367862790518369,0.012765500202032463,0.02783137144064124,0.013122007141071049,0.015125029817211097,0.008187093189311871,0.029055858202495934,0.020657646149655835,0.014202799815704072,0.028101612185645334,0.015279777899828683,0.015447050488249984,0.02540808051464371,0.02724617530876894,0.027906369056800016,0.009427494644555287,0.019355180547825302,0.02091685451134038,0.018361828508210942,0.00731883564965177,0.010329379882443318,0.020569274842974588,0.005923741067169873,0.023028079478462724,0.040267620229406415,0.012267632223436487,0.01782568267785942,0.023687782936068085,0.009648898735471914,0.02297182473748009,0.02771053052748773,0.019122691224909946,0.026258542491782576,0.02211845585450332,0.014449890109209008,0.01610270133575959,0.012987849736271645,0.028427703861434474,0.012006507299424972,0.003998312570581683,0.0035133168697119074,0.0057995989675711235,0.002320251851975822,0.003384738504320185,0.004541734871462047,0.003877073065292623,0.00444770885106293,0.002177982364041812,0.003456063164481769
2021-12-01,0.022969176994553062,0.029856175208933147,0.01957028966307809,0.03009308153477962,0.01553541743720675,0.02174823758665755,0.024232543611099177,0.012892114586425994,0.01505048773146533,0.026889527973874932,0.015707346143403435,0.012793315372399658,0.01553104292812597,0.028537835907061868,0.009135330456487676,0.017376382070292653,0.008774342907805627,0.03192729231138863,0.028878944593520212,0.014590890324011178,0.02783448636619802,0.016115872255032138,0.010804810256911788,0.02622431420404038,0.027932825667849978,0.01925588515392781,0.014468495663443704,0.019357024629465164,0.020234968164779578,0.01870933643387349,0.007666965496571279,0.01317015341401264,0.02406935430407408,0.006787357803586116,0.02068864255131969,0.03718618234000974,0.013252479181592877,0.013030105612925594,0.023509492554862232,0.007140231258378174,0.02492750170175389,0.028262602775745195,0.017392566363824694,0.017646420225523665,0.022855066442764197,0.015274188741360993,0.012456039931694744,0.013406993481877858,0.028583236277379683,0.013577907528757744,0.0037613148819162093,0.0033193423153088453,0.005424640353586384,0.0032398186783202257,0.0032879469688694065,0.004365065800487176,0.0026388236250933744,0.003011176616702481,0.0034379558837551527,0.0036026327498529546
2022-01-03,0.0236298497371361,0.029654697445340876,0.012328590065096514,0.03071740235172939,0.009894528678322252,0.021901656533239843,0.023691136799603434,0.008095583846248797,0.014854491289472017,0.026095468979180594,0.01595458062951158,0.00866166866655285,0.015402323485646208,0.028039938277953255,0.013117075592816968,0.01721854493066116,0.012486388221308093,0.03266970553444059,0.026886166046120593,0.00988033525407594,0.029678854752734463,0.015139648863817242,0.015071045062544954,0.026173311149479104,0.02780840722453015,0.02959454119533018,0.013976365360862024,0.01981353150227742,0.02154711549724348,0.01805807515879071,0.008304099401777853,0.008315004792688967,0.023137095245025715,0.006841130221843065,0.021295339388752742,0.035560657964713416,0.01358662926533181,0.017307591746375698,0.02252366036344251,0.00726166113462995,0.0262113780724821,0.026913033449007476,0.016743524456993494,0.02446214084126146,0.02129541559677054,0.014713970639945048,0.016776820633368807,0.00890040572935875,0.029288909070042817,0.013991031844505652,0.003668951623362282,0.003422460460805328,0.005495955645404982,0.0023479315570402,0.003409368260050555,0.004433872736894295,0.0038421488513827036,0.004400605888289467,0.003529122607809037,0.0039790543785765894
2022-02-01,0.027620342729146402,0.027163731881641198,0.01152534514818881,0.031225778662061467,0.008352837455956885,0.022741225589316086,0.02094036063043747,0.011384093842125229,0.016386659065069337,0.01558871857446019,0.017054311392074556,0.01336734844074225,0.01776311232833779,0.02737001278272079,0.013438795934819812,0.016871888382724867,0.013415737803128967,0.03295562043420093,0.026388881169608153,0.012956633821879046,0.028524469242770325,0.014535223037614004,0.015620684066042218,0.026042085623891712,0.023156234850199426,0.035291685937963876,0.015261955564247887,0.022903794485141144,0.023188065487765752,0.018230150925614433,0.007737410382314558,0.007142660619629523,0.022317123574399397,0.0068221707919818905,0.021349687257455747,0.0329939256896682,0.00938349799138722,0.01885337172763629,0.02148231740084593,0.0112407637620131,0.030350557654885233,0.022766291535792023,0.017795450710463394,0.016559714498221932,0.020096520003292893,0.015092817280407447,0.015500051086678894,0.014127033946365693,0.028416537332299187,0.01468185613776609,0.002688878985209869,0.00359336126882331,0.0059089687197539835,0.0033284040593536445,0.0033528991218322213,0.004441916950707445,0.003868998118985515,0.00413914765452151,0.002834331925870682,0.003867548521546142
2022-03-01,0.02804358174032868,0.025178109170026913,0.010988257717390116,0.030009418539091146,0.007388506025657212,0.021149075689730314,0.02028809095043109,0.008682565898928461,0.0161236672848115,0.020728493086679383,0.01652986677432876,0.013744912418656286,0.01810341673135072,0.028039172675347102,0.013138565017060497,0.019121599320270057,0.014152244538632777,0.029492253043731643,0.027090910643240304,0.013081646460764979,0.033404669997465324,0.014948819774913778,0.015741351241542263,0.028857224505298176,0.02022361106240347,0.03181689142207236,0.015114273507980835,0.015846773866509446,0.027240523076493144,0.018099026384074294,0.007353764933055974,0.006525390180436715,0.02140203223624486,0.011819765890822627,0.019572168049649893,0.02916912598622136,0.00841246226969219,0.017469140103249608,0.01985942185555406,0.011997985762053525,0.030186521445614088,0.02307282531546828,0.017708289064718264,0.018009156363354158,0.018508317705002303,0.015548483755932154,0.01567873229507447,0.01461387782248022,0.03299659692372149,0.016091541732712194,0.0038237955322136187,0.0038459691674094985,0.006701427389966897,0.0034259325545614684,0.0035570978344175767,0.004734385488073884,0.004060454116331488,0.004496305546061425,0.0042513948563539326,0.0027401192583407456
2022-04-01,0.02903586279950106,0.023161572900597654,0.010174041820771447,0.030297599060731244,0.006974216293241239,0.022404326946987838,0.021038024079514852,0.00806235179171933,0.017522189095141045,0.02188232032798239,0.016325620625966736,0.014802173645561169,0.021142252265225994,0.0287781222798265,0.00824992154160799,0.01702308009908655,0.013466093745445698,0.030765237541895453,0.02626532689328806,0.012232618358261733,0.03314409269412003,0.013211963310658775,0.015954699527525117,0.027979563357335344,0.01844517336405328,0.033333257229980935,0.012949957220808488,0.025444662065479604,0.034870786743520114,0.015931346223580528,0.010658488395953356,0.006159524347660338,0.02108375846709341,0.011459034863041055,0.01938032202696473,0.02736612365121697,0.008098121466497452,0.010616715992650384,0.019430501687392687,0.009431997265098935,0.03200127138906074,0.021573339298962622,0.018596701636549723,0.023738987944856016,0.01724785022941144,0.013835357386621361,0.015275249985963465,0.008843939759147473,0.03468282673022794,0.01842384911464153,0.004066115077454845,0.003849493395847116,0.006813314618290649,0.00353648729359518,0.0024311790260639825,0.004729740759500543,0.004100761621780999,0.004705431334796694,0.003006950574697607,0.003988110809544653
2022-05-02,0.02774839759451943,0.022003103101803183,0.010296132043970858,0.0290954502163539,0.007111261747853421,0.02567155510424143,0.021363669381829795,0.00844368572820781,0.017979658463697763,0.02223552606756444,0.017654170498254133,0.01014347221933708,0.01981854254163748,0.03029770764555283,0.008813013672559001,0.01687352967627088,0.01576107001594286,0.032198204242636114,0.027698034857707023,0.012106396436674455,0.03150667254236154,0.01348096732902958,0.01526912216818271,0.028332472000278375,0.019395627028674357,0.032261458185720716,0.013063571034832865,0.024394171061342784,0.0342854159001637,0.015430828023636916,0.011363234582914798,0.006108060945807695,0.02110276741472991,0.0077667338089387325,0.017782166524318164,0.0236415659842143,0.008171333305094473,0.011173354399486416,0.024008692609582036,0.010243296150885269,0.031032381943116225,0.023529974126189256,0.01724969901286897,0.016338176821800266,0.017340319896300034,0.01496940719733838,0.015180540891373934,0.013446442231414361,0.03390035004816488,0.018622527769338162,0.004389111490684234,0.004440491927925997,0.007112306743562456,0.002696697986800423,0.0027651477329515596,0.005040026316357226,0.004539471004326605,0.005609601709605928,0.004934042957127543,0.004769189935944514
2022-06-01,0.031880224077841586,0.019841786674804046,0.01361854602656893,0.030190909145246678,0.005807611170775457,0.029530748891865754,0.019489084879244275,0.007500895912071049,0.0163233966056955,0.021417402468319264,0.018761251732812147,0.009551846684033912,0.018889993848860757,0.0311726800457738,0.012784736227314922,0.015241890798930968,0.016436296989598104,0.03511846594881195,0.028201202577337024,0.008235551255418373,0.033901307027230564,0.014010128748574954,0.0147459259698599,0.02454262844358125,0.020242057020586176,0.034093164468821366,0.01287848694913936,0.02199363367633498,0.03381443119129272,0.010186132221020328,0.007933976467859566,0.005581224585451885,0.02106034834115242,0.007265701708010603,0.015584172999387691,0.020900085097671942,0.007954459664247564,0.013506532194961835,0.02382744826653829,0.008596083423467366,0.03293412156855334,0.023965721350494164,0.017068978638369536,0.012312554490721961,0.017586127171383005,0.01588347582686449,0.014343605237201223,0.013081161502143368,0.036486812168090514,0.017358998810943035,0.0035338790106180544,0.0061948843274620725,0.008068566795359961,0.005255201921791367,0.005391690738595952,0.006224134927288696,0.005466579682151392,0.004437437942660012,0.006081721843473762,0.005711895619318805
2022-07-01,0.030977478784746944,0.01929058454494973,0.009070707248291324,0.02884321348803551,0.005670044110465956,0.031588214214686224,0.01850791228540341,0.007444733813924488,0.01641622276400566,0.019773976012081536,0.019464915520920275,0.009867545218859413,0.0192686913089634,0.03116439111704794,0.012866609848838728,0.01565739710290165,0.016562591504870106,0.034230854708759306,0.027027803859026724,0.012069748751826702,0.03408872166315924,0.014608150810599824,0.014798873960259527,0.02683754444723779,0.021513873530134196,0.03311805425298485,0.013601440273912824,0.020275939227455103,0.035780097183517955,0.009727915436777866,0.008065190294261202,0.0054594544562877,0.021734166629962297,0.007559576296981531,0.010176873431143688,0.020763413065399985,0.0082095019772764,0.01354801264097703,0.021241685866962273,0.009266377995447866,0.03129586729717949,0.02326861986798549,0.017399117396254566,0.012326495870510686,0.01890964361547007,0.016107564032814308,0.014173308440016292,0.013241490814878085,0.03927557546619283,0.017524794965941226,0.003820074180800005,0.006439348681272433,0.007969116963348894,0.005653539129071887,0.005694825530070561,0.006154036147080456,0.005815285392595601,0.006444513610068766,0.006371639216039892,0.005976643733064267
2022-08-01,0.033048579975474106,0.018443752583039305,0.012460733739010821,0.02884942780140404,0.005590450909433735,0.03137110994837401,0.017896186722866157,0.01080364432496838,0.01104961691564673,0.019046253036567675,0.020485043106161335,0.009772094786082893,0.0190065140160484,0.030405902460184635,0.013004066906474458,0.015315665841946356,0.016877359623819616,0.03364138682575097,0.026617971027093852,0.012307846829187305,0.03387798758037719,0.014386825621581762,0.014824640515831114,0.02697125309248138,0.022061774388724864,0.034301722094043585,0.013536703167542248,0.019476823656972234,0.03607948166104727,0.009347038397622449,0.008082860201825151,0.005356451329720491,0.021789928334357094,0.007636000688772724,0.014027793817789288,0.020277923152457134,0.00848925198590045,0.013442878100272403,0.02208708881060598,0.009430593229725562,0.03055421064998937,0.02356875623405481,0.017156441284181846,0.017538696943171176,0.017741468264118414,0.0168836785957345,0.014436051419552266,0.013301776487416657,0.03642451212600228,0.01226877923307222,0.005498268806311102,0.006179831193615229,0.007958570047241103,0.005812033586351655,0.0036936288323913833,0.004338381734019065,0.005902851167344867,0.006672262694318101,0.006450186829416355,0.006140986664512414
2022-09-01,0.033038157016381145,0.0182884210555531,0.012381142860499593,0.028744366377785477,0.005660996069953053,0.03301142043999508,0.017985804018434057,0.01104619367641784,0.015755943192165507,0.01915076441703937,0.01442651629203665,0.014910217317925996,0.02002713993254976,0.03085758695353746,0.01281226722622989,0.015016624032533269,0.016948518576604614,0.033534087365159615,0.027426987505189772,0.01229130223477191,0.033997484308658316,0.014748458893098443,0.01009239425667461,0.027093887555038946,0.02038644258832824,0.034631542772820316,0.013767917686299242,0.019994337760801215,0.02483158925776126,0.013226764253285575,0.008310017158908006,0.0052869992785849465,0.022491745537805075,0.008414232025273747,0.014109259921623454,0.020148040270049003,0.011962983440285008,0.013459531314633299,0.015019525420067851,0.010016689883622148,0.031235628702107436,0.024599297806313473,0.017701838601034515,0.012196956808615248,0.01794707039211537,0.017473060545371052,0.014563454259918037,0.013587300276652487,0.035485570330826596,0.01834140606063535,0.005914384963598006,0.006343710849644861,0.008091981719302645,0.0042918958650084325,0.0037475260556029664,0.006137969581203028,0.006170866724602809,0.007171340819748305,0.00690923505169095,0.006785204441626525
2022-10-03,0.032992277765042426,0.018611404070613225,0.00814071319191479,0.02665297038879822,0.005682581867768353,0.032858310139131604,0.017874141766479733,0.007713288980401171,0.015839158232910683,0.018585385355757215,0.01910440085651141,0.015146837354056468,0.02027700936126006,0.02875011915410631,0.009013823201644849,0.014508218962114206,0.01688411804695308,0.030761278286348538,0.025569188494457225,0.01277469940753126,0.030581856735302393,0.015106524433953331,0.014013247523205366,0.027489896149585132,0.01463436657236968,0.03579534338023328,0.01423135566020246,0.019848958589364987,0.033084895175993445,0.012332148920094427,0.008874938422323052,0.005458501980472768,0.023249137513945438,0.00922250254723099,0.014315259280287089,0.02049958715858675,0.008442097228293331,0.01381556241162595,0.021051006134497792,0.01011629506825124,0.028547827126393213,0.024613465042038124,0.017911128192958578,0.011838266028202768,0.017561425337288182,0.017700780873790095,0.014914846603489903,0.01389572638189156,0.03507742228935994,0.018871971189029477,0.006622072869541693,0.0071344482708426875,0.008545711839123546,0.004588895630847288,0.004067109735293579,0.006706111743895671,0.007022272864695995,0.008672795818505318,0.007940741259929319,0.007863575133263417
2022-11-01,0.03353971645590581,0.01837966156200404,0.008358368631778423,0.01726256334160322,0.0056585914682587045,0.03318929618560986,0.01727456725113436,0.007982381065860572,0.015789855902140222,0.01845958313849883,0.019477284896122646,0.015420744100689596,0.020232052925984186,0.018819845085086606,0.013061406977290746,0.01452004290927616,0.017129359022065627,0.02784932712173968,0.02550003896129616,0.012845862410211784,0.02634054425374704,0.014933108396842238,0.013308081300230727,0.027064082754008918,0.02013205216460443,0.04036417541493724,0.014019835927863848,0.01917749683019668,0.030162667928606605,0.008742637558651893,0.008780630995938217,0.0054832143111510105,0.023382053841514327,0.014153447587044262,0.014483221526589943,0.02095339074662043,0.008437669970115797,0.014172853418979779,0.019471721402390934,0.010400058277231164,0.026523235202091728,0.024055347058158143,0.017719109215541835,0.01787955735670673,0.018217459602034497,0.017869603168120418,0.015701226154494652,0.01406537480639164,0.034180259293849505,0.019434680022680166,0.007103442496192393,0.007947282345890226,0.009262247105909924,0.0051603999993170375,0.006408092055254689,0.007389986839387866,0.007888793558183987,0.010173593705362433,0.009319981177043208,0.008986834817566272
2022-12-01,0.03466541739662424,0.018172987856484794,0.008051088933424518,0.02470201017496691,0.005493833291112729,0.03713064954687887,0.016465066381893163,0.008457293181466388,0.016525946602022706,0.01761624329239943,0.019346829070323493,0.016100310650386553,0.02054930834861239,0.01915613211643045,0.014235594793303982,0.009582186295956086,0.016872454007918404,0.028582971406323463,0.0254408453244568,0.013828705382275937,0.027988364616736712,0.01564036731699414,0.008907998971647329,0.027901357555119816,0.020294415193348913,0.04616433501219253,0.014382449912075152,0.01913809320800353,0.01712831703598692,0.012052627160711113,0.012733403067763924,0.005278296363561966,0.0233295417878662,0.010118609561844532,0.014329747085956522,0.014032441350488912,0.007990524334164856,0.014278912078812,0.018210589701308597,0.016376995485268414,0.026626391346746478,0.02522770612587141,0.01951575522710477,0.012402506999203653,0.017564248106832502,0.01822091280257232,0.015404325188559498,0.014917607305284698,0.034397822166324116,0.020414988263814094,0.00699759540478657,0.007951905879956476,0.009143985863475545,0.007337164509188637,0.0043301245483942045,0.0069383580338520144,0.007689902626738463,0.010698588625726299,0.008590717583301398,0.008376132539153583
2023-01-03,0.03417147226186836,0.017398402724866997,0.011333885134990479,0.023849923259642386,0.0053978689212250165,0.03762708309152319,0.016168118191066484,0.01221386154877968,0.01629175256458233,0.01723075458770725,0.018679391411006795,0.015929821075737965,0.019960388912934734,0.02693081225539515,0.014066378261661312,0.009304283107364558,0.016586241751047323,0.02759543656226843,0.02477470005357062,0.013590037839062392,0.026781460111945477,0.015584944218175793,0.01261145364793311,0.02725654600744503,0.019719812922549297,0.04269170511319419,0.014183144377532082,0.01852320621907587,0.023369685957860833,0.011373818977110428,0.008315421294746649,0.005204305239052317,0.023492524936831394,0.010045432036565726,0.013735815471517166,0.01924762261000655,0.007630826147769664,0.014269062079982147,0.017612972446163794,0.011003562650360729,0.025740830473076452,0.025072519920390415,0.019820140504039588,0.011893087447534683,0.01704120351571736,0.017928796238899695,0.015429048659505264,0.015221755314129446,0.032080318532358876,0.019701014751675454,0.0071406397025749625,0.007952344819573057,0.00913211731786068,0.007439109342833032,0.004191599696589185,0.006836776814696874,0.007622971113845405,0.011075250819646715,0.008701929083573673,0.008224609949359606
2023-02-01,0.034515902161523435,0.01770847139613408,0.011579195146967716,0.023513363537803186,0.005496461903902694,0.038452928710295674,0.01633849036984079,0.012545753161010729,0.016139389182822695,0.017125166469834217,0.018504386423162687,0.011538157041899498,0.02008048172703808,0.026514556837819392,0.014267106348507407,0.013461350949423703,0.016421078822065952,0.027447822790234493,0.02507289414142454,0.013777503871483698,0.027475624755372224,0.016137584596480258,0.008565634772357661,0.027533799158117888,0.018564447724407605,0.04185802746681506,0.01426359865042051,0.01921050417219555,0.02212649750500149,0.011455518898721942,0.0083937244842897,0.005241678254094523,0.023851441302224684,0.015203682858395573,0.00948870412129721,0.01938793682458941,0.007660434243633003,0.014296260018976908,0.012071468723377037,0.011353202826451638,0.02523470805459069,0.025927733828607708,0.020901281794433017,0.017365248714223243,0.016873254651942185,0.017946299791924986,0.016152487464698634,0.015488892522802264,0.03124929246910143,0.019900740683974485,0.005100864005003053,0.008137378513262612,0.009306002582203564,0.007601593811048445,0.00408490325840806,0.007106398082071705,0.007957894972857977,0.011635713240539892,0.008977717821708761,0.008411361386182778
2023-03-01,0.03584993870155772,0.018172151372391854,0.011791417438928373,0.023403615274047596,0.00575127917009111,0.03986709010369878,0.016293831591658037,0.012653147663946417,0.01656224985690263,0.017206369793741447,0.018829805284623476,0.011497003588707026,0.020351555357099375,0.026513760499052984,0.014597036927997228,0.013395894561597892,0.016718588251462937,0.02811815421004806,0.017720570962210528,0.014517565498830688,0.02723228855638324,0.01667633676469657,0.008615757672213597,0.027578876925523372,0.013383866917318748,0.042944737271580484,0.014896884047675548,0.019571829966134786,0.020882222895947745,0.011471492889755916,0.008843882836430856,0.0055023390768630465,0.02437971310399652,0.01024027109207646,0.013899205912718482,0.020004549099377995,0.011380802354531082,0.01438091229210422,0.012429289157778219,0.011521296881409598,0.025167600821404523,0.026432146248471646,0.02096741422928708,0.011976443210037652,0.0178630448685643,0.018579677952804918,0.016497814611958372,0.01599159118691202,0.030722532838153124,0.020259164294710027,0.005148549180603439,0.008200155561912293,0.009416730353369799,0.007710480099918053,0.004134703660671804,0.007400883906422412,0.008200532106494478,0.011390941662951203,0.00923450836189845,0.009057503020343817
2023-04-03,0.03547282850407262,0.018204205687848307,0.008375861584481063,0.02299191282938184,0.008614152651280503,0.03980482955365076,0.016029963317679825,0.012760506317529651,0.015731561268745187,0.0169376571368891,0.0186921478186649,0.011032124057091714,0.01888809600209554,0.025913119173941235,0.014924761839164212,0.013510253044125705,0.01686135154118148,0.027051204793592715,0.025583069079888512,0.014898692118201159,0.026625014784944927,0.016536302801771662,0.008792844215441428,0.028304080780356133,0.019130989236602645,0.043023249253181205,0.014855978980803266,0.018941009110466322,0.02042039443987111,0.011757441085351532,0.008706109378249078,0.00822438058152895,0.02395702483992448,0.010182995615486272,0.01346338958345316,0.019538765541285374,0.01182576131584957,0.015059264270847948,0.01754693552513676,0.010537195783145126,0.024524560718354717,0.026430455786989347,0.021390134891003273,0.011752744306014416,0.018453022727209133,0.011878840185985952,0.01705110744291321,0.01125203517295899,0.030580466951457018,0.018587157295041488,0.007410253284555738,0.008387627774895259,0.009557769630401596,0.005288699397138062,0.0060316772409761766,0.007556423853373207,0.005839359922324806,0.010732691115116716,0.009003938570001969,0.008583608290086015
2023-05-01,0.03609120977344878,0.01870709308514334,0.012055767343356427,0.022740335865171987,0.006209534853296506,0.03934414416781477,0.015794322051853844,0.012941575499258414,0.0111647453398368,0.011530425999722798,0.018232580160075024,0.010971611351886866,0.018899950405277307,0.02542450360522344,0.015007688934470687,0.01346352498751635,0.016301526746095557,0.02649603034526201,0.02446531069055647,0.015467200226734704,0.026986541975459556,0.016925064253194854,0.01252515130356013,0.02833842890383703,0.018870916610375623,0.042478068877124256,0.015289928176931165,0.01874155927373172,0.020684955383918215,0.012078019261592233,0.00867384970432138,0.008397321032712044,0.02410818303439965,0.010408224034088236,0.013309157498836634,0.019655969920042034,0.01185627462263147,0.015249908772976222,0.016554403197146666,0.010152851996769316,0.02425466285049187,0.024426522715457255,0.022233432565928454,0.016593795247266546,0.017963959659584583,0.011605066579340571,0.01749490775473251,0.011182084900351719,0.031278702966811005,0.018404094696877323,0.007564503275650214,0.008422943500502659,0.009750204912420445,0.007858216333932432,0.006093093345947472,0.00766095581992674,0.008493425320622196,0.010873063222046085,0.009118287168995234,0.006134217897464316
2023-06-01,0.03546393456158283,0.019716990153239747,0.008347655986699655,0.02173964208011896,0.006770972125396083,0.03424274692662116,0.01568125049283136,0.013993552828659378,0.015505528777454192,0.015918423100041542,0.017502515094387234,0.016312774964147295,0.019227633344681066,0.02377412352374942,0.010211046911477109,0.009106278971640241,0.015493408038639453,0.025075346238817207,0.02493786238684469,0.01591183213989209,0.02595118108149904,0.016915765534514356,0.012723660282052669,0.03088451228219108,0.017650460622942548,0.04276906689721641,0.015490125764092168,0.019111745953284846,0.020285423237194743,0.012080052359426571,0.008836342782761993,0.009017223311233108,0.02429627848127712,0.016224863951043188,0.013889427784287008,0.020911326486642533,0.012282072369514068,0.016697459490138334,0.01569328537575574,0.010957421283932813,0.023241393330747238,0.016705301151331207,0.025784859022181313,0.012434874821306173,0.012673199951528612,0.010245060644160522,0.01818128469912582,0.015818586177067377,0.029981805597772856,0.018769321626902268,0.008639819055518794,0.008903417308274725,0.009809382993108268,0.00820560863929753,0.006375639331056965,0.00754345212669952,0.0064761650197014565,0.01342409223456918,0.009823923452604766,0.009361598839124182
2023-07-03,0.03637209403987513,0.02034179296391118,0.011814222827968762,0.021355938695504256,0.007226398718817517,0.032489478185639326,0.015569266700342917,0.014642999387646436,0.014374031265953777,0.015883140880430503,0.01685387623824803,0.015947185279730314,0.018670365244099076,0.02297022334139691,0.01441559474817968,0.012239706363436149,0.01489142928237542,0.024199801477681082,0.025056766746699915,0.016571339892136702,0.024798263724776892,0.016754426129861093,0.00851960576900807,0.02943937137545419,0.010935957898776704,0.046510671280867485,0.015099791029729283,0.01970701742269573,0.017881138214693882,0.008406283761787824,0.008614769859114973,0.006620653593282866,0.02451740093062627,0.016289743786132505,0.014375173817647979,0.01999187208670651,0.008307250791596962,0.01731909367682913,0.015481015216595067,0.010540384787232474,0.023012964934961553,0.02486693048192666,0.028483479136620814,0.012532530915159839,0.016598840252325837,0.009497150846340724,0.019055055367047997,0.015710943280785095,0.028345524623131464,0.018381367354977453,0.008506518299906876,0.008432304049293994,0.010439632756412114,0.005623370473372618,0.006140358081093728,0.007958576708717505,0.009013575169680973,0.01542438997876065,0.010117318205344889,0.009863631650650358
2023-08-01,0.03647765236981774,0.020956033433712856,0.012106947730113593,0.020954609769451633,0.007632403634356193,0.0320192997038772,0.015724138538470805,0.014950868839962958,0.015063616252722702,0.011330008957214971,0.016597159351650587,0.011310800733581067,0.01918700443519957,0.022214671382244044,0.01484997616146494,0.012584420253677281,0.01527379647238609,0.02336141371695285,0.02558128622168058,0.017329836205461864,0.024698103968839518,0.017570254560166206,0.00858760401449053,0.029552326073378498,0.010383091066249527,0.04571404872081615,0.015579917848999631,0.01981089256807994,0.01243061908022032,0.012480630970532832,0.009027866420949625,0.006829280189798247,0.024345738660450877,0.016776343603210852,0.014829091314656465,0.0206198231918669,0.00819929183499226,0.01788444284183992,0.014710795511877007,0.0154949542756113,0.022869968315891404,0.016622264232362332,0.029905622254894453,0.01798177538304958,0.017060919534911522,0.009207235673491982,0.01935706289853058,0.016409988240021836,0.03001843025226908,0.019059377159607118,0.008265255062075656,0.009606189739429413,0.01096171556881962,0.00815030538167041,0.00684599536677566,0.008283087550418239,0.00911885144586708,0.015519290038176098,0.005825349789295782,0.007900255231415952
2023-09-01,0.03675144515953402,0.021386495422869675,0.012382932298009316,0.021001672642672404,0.007574188718128733,0.03284426266378754,0.015596716583615106,0.015094273991144923,0.015841753802963335,0.011352854370751128,0.01673323029543108,0.01604488710429887,0.019301008296742125,0.015228785237251711,0.01572224042086484,0.009073113709535325,0.01570860470722192,0.02323886641011005,0.016363991909487504,0.017971145640358354,0.024264228391548962,0.017779130437924017,0.008508525494470206,0.030678830071033666,0.015676086536637185,0.04406902971560881,0.01602686864818339,0.01957508039966291,0.012590170580270878,0.012887216893298734,0.013254044948378434,0.007255248880111491,0.024058655585449167,0.016209962539051537,0.014979486307153178,0.01445979814029976,0.008376421759330793,0.018544757087250487,0.015109098022553719,0.015355702367247929,0.02250946327848749,0.016363159269813035,0.029619174007993895,0.017668846416747073,0.017035217809204303,0.01311963114909709,0.0198934068349547,0.016839545121276125,0.03167325823403498,0.01933761204158375,0.008455336024988058,0.009328901792726111,0.011232251602647802,0.008124657421078535,0.007047876682743925,0.008894335058948533,0.00884145313111783,0.01590890010770498,0.005631354195873231,0.007604807628735439
2023-10-02,0.03506236146780395,0.020652340735970578,0.009120792515406075,0.020697354687177046,0.00738337431887809,0.03358604300761794,0.014706821847733835,0.010938100061804283,0.015689078607781914,0.01549309411624624,0.017736509919198767,0.01580460147657211,0.01929337287169937,0.020705079105857387,0.015926624272825225,0.008982540173785419,0.015394256153493492,0.023166628596982996,0.02351968255238647,0.017658612955068435,0.02495631806706135,0.017135877428287212,0.008270243731199748,0.03128300585110855,0.010541768258741408,0.04326207341020696,0.015114562922229348,0.018794009280913293,0.01773271756314823,0.012834327715281976,0.00858191868071245,0.007019345318763353,0.022639349932272353,0.015663210723323225,0.014135000642237822,0.01974181679107131,0.007957982710321365,0.017593966735298155,0.014492738585243303,0.015858205587800163,0.021921046342434244,0.023042781504921048,0.03219733564528029,0.017594504384499686,0.016390059317337037,0.008555664586269461,0.01966380563211156,0.016350556474639625,0.03117422493367914,0.01901999430473459,0.007962582545865111,0.008906004467777062,0.011543989142277314,0.008625341821846162,0.0069382077499115236,0.008882562907546611,0.008365607867770086,0.015132933025796892,0.005413198765351545,0.007193889200439898
2023-11-01,0.03698175052602662,0.022604152900957863,0.01233725265693003,0.021669875221711016,0.0077341090010028994,0.03238105829748354,0.014646746463060347,0.01544063241325619,0.015701350311050313,0.014975664275300723,0.017886876693567925,0.015902441660637843,0.019795901418598518,0.01490520620045487,0.01644765020752891,0.012814846483442293,0.015154931591516436,0.025203499220845946,0.023126645375466617,0.017969949395554862,0.029126923700100456,0.017231058254987906,0.012780407115263232,0.030496352247002076,0.014255724756377399,0.04557191333088656,0.015240103495489224,0.012956003756526035,0.011677387645075548,0.01315650421473185,0.008465346468325505,0.007298135671132309,0.02322365419279762,0.01028511580814533,0.01330740680008598,0.018309794389135412,0.011387061435474879,0.017576121484459827,0.015186211050457836,0.011247781296095292,0.0235268924017638,0.02407349758205511,0.035056988965857405,0.01633041818005909,0.015449283000233316,0.007677338949720366,0.01971798904771033,0.01589804913386958,0.032971705978277914,0.019371049234201063,0.007679242108554758,0.0056203877028348816,0.010975029524312303,0.007813959310565464,0.006216341287199224,0.008288730527154587,0.005259903753885834,0.01281519635523455,0.0065433142110216435,0.006255135318544718
2023-12-01,0.039127513438023065,0.02392467175515865,0.013155600941388892,0.020729592164558944,0.009072100480357927,0.026341464109635098,0.014813551303440519,0.014699149334606719,0.010263259632504325,0.015005270211725067,0.012275062618128716,0.016185939979582988,0.02002377644422377,0.019105387603962694,0.010617026361297965,0.014329960762018855,0.01595705490744613,0.02459017896471182,0.02241214860043993,0.018138164446874033,0.024844005760360992,0.0158237958033688,0.009604043744936615,0.03338378991058218,0.013516461201415489,0.039784266509286875,0.014212531687608013,0.01794117374499628,0.013007904283648371,0.014154043119550578,0.012030179982932052,0.008695992529530122,0.015398788964570117,0.016939276546679444,0.012918205926947132,0.018776312802245405,0.011605496855721488,0.01704955821037525,0.015462007637178915,0.014718413612689765,0.02265202646358414,0.02320096429183527,0.03311075960225645,0.015622004913914082,0.01586299237653207,0.006696507520003337,0.021900343370459503,0.014825707024873448,0.03522025961900198,0.019630397888886538,0.008278631605420356,0.009338325570134235,0.013031597218590084,0.008577201813780069,0.00520156377339068,0.011431154537366059,0.008924266915245506,0.013613814912492386,0.007255132650685736,0.0049932250368380235
