rebalance_date,ABBV,ABT,ADBE,AEP,AMD,AMGN,AMT,BA,CAT,CCI,CMCSA,COP,CVX,D,DD,DIS,DOW,DUK,EA,GE,GILD,GS,INTC,KO,MMM,MRK,MS,NEE,NEM,NKE,NUE,NVDA,O,OXY,PLD,PSA,QCOM,SBUX,SHW,SLB,SO,T,TMUS,TTWO,UPS,USB,V,WFC,WMT,XOM
2021-01-04,0.020050625377925884,0.020050625377925884,0.019524686071154027,0.01941115093573019,0.019524686071154027,0.020050625377925884,0.01955192534759644,0.019615025856329987,0.019615025856329987,0.01955192534759644,0.01998943238154825,0.019169202068506395,0.019169202068506395,0.01941115093573019,0.01938177524544915,0.0219466926597017,0.01938177524544915,0.01941115093573019,0.01998943238154825,0.019615025856329987,0.020050625377925884,0.021359484056057972,0.019524686071154027,0.0219466926597017,0.019615025856329987,0.020050625377925884,0.021359484056057972,0.01941115093573019,0.01938177524544915,0.0219466926597017,0.01938177524544915,0.019524686071154027,0.01955192534759644,0.019169202068506395,0.01955192534759644,0.01955192534759644,0.019524686071154027,0.0219466926597017,0.01938177524544915,0.019169202068506395,0.01941115093573019,0.01998943238154825,0.01998943238154825,0.01998943238154825,0.019615025856329987,0.021359484056057972,0.021359484056057972,0.021359484056057972,0.0219466926597017,0.019169202068506395
2021-02-01,0.019018677734954047,0.019018677734954047,0.020389350851847145,0.020053270838921597,0.020389350851847145,0.019018677734954047,0.019407307014778108,0.02119162913707829,0.02119162913707829,0.019407307014778108,0.02043609616986433,0.017645965392778316,0.017645965392778316,0.020053270838921597,0.019766602823228972,0.021107707173523952,0.019766602823228972,0.020053270838921597,0.02043609616986433,0.02119162913707829,0.019018677734954047,0.020983392863025238,0.020389350851847145,0.021107707173523952,0.02119162913707829,0.019018677734954047,0.020983392863025238,0.020053270838921597,0.019766602823228972,0.021107707173523952,0.019766602823228972,0.020389350851847145,0.019407307014778108,0.017645965392778316,0.019407307014778108,0.019407307014778108,0.020389350851847145,0.021107707173523952,0.019766602823228972,0.017645965392778316,0.020053270838921597,0.02043609616986433,0.02043609616986433,0.02043609616986433,0.02119162913707829,0.020983392863025238,0.020983392863025238,0.020983392863025238,0.021107707173523952,0.017645965392778316
2021-03-01,0.01929429595714453,0.01929429595714453,0.02003328703103098,0.019541891981685808,0.02003328703103098,0.01929429595714453,0.02005424963374773,0.019630488642224535,0.019630488642224535,0.02005424963374773,0.020599356408544517,0.01999215286720943,0.01999215286720943,0.019541891981685808,0.020010188615961957,0.020749337898170794,0.020010188615961957,0.019541891981685808,0.020599356408544517,0.019630488642224535,0.01929429595714453,0.020094750964279727,0.02003328703103098,0.020749337898170794,0.019630488642224535,0.01929429595714453,0.020094750964279727,0.019541891981685808,0.020010188615961957,0.020749337898170794,0.020010188615961957,0.02003328703103098,0.02005424963374773,0.01999215286720943,0.02005424963374773,0.02005424963374773,0.02003328703103098,0.020749337898170794,0.020010188615961957,0.01999215286720943,0.019541891981685808,0.020599356408544517,0.020599356408544517,0.020599356408544517,0.019630488642224535,0.020094750964279727,0.020094750964279727,0.020094750964279727,0.020749337898170794,0.01999215286720943
2021-04-01,0.019879447660670013,0.019879447660670013,0.020130785432472036,0.019563011316005192,0.020130785432472036,0.019879447660670013,0.019351537711889664,0.020130940244773732,0.020130940244773732,0.019351537711889664,0.019351537711889664,0.020790982493050867,0.020790982493050867,0.019563011316005192,0.01958065991839844,0.020718065898952465,0.01958065991839844,0.019563011316005192,0.019351537711889664,0.020130940244773732,0.019879447660670013,0.020503031611897947,0.020130785432472036,0.020718065898952465,0.020130940244773732,0.019879447660670013,0.020503031611897947,0.019563011316005192,0.01958065991839844,0.020718065898952465,0.01958065991839844,0.020130785432472036,0.019351537711889664,0.020790982493050867,0.019351537711889664,0.019351537711889664,0.020130785432472036,0.020718065898952465,0.01958065991839844,0.020790982493050867,0.019563011316005192,0.019351537711889664,0.019351537711889664,0.019351537711889664,0.020130940244773732,0.020503031611897947,0.020503031611897947,0.020503031611897947,0.020718065898952465,0.020790982493050867
2021-05-03,0.020708373548146235,0.020708373548146235,0.019047754116093107,0.020540027122479692,0.019047754116093107,0.020708373548146235,0.020158947850171683,0.01950227413329572,0.01950227413329572,0.020158947850171683,0.020306749265784206,0.0210944357519972,0.0210944357519972,0.020540027122479692,0.018991638640870927,0.01981044928410606,0.018991638640870927,0.020540027122479692,0.020306749265784206,0.01950227413329572,0.020708373548146235,0.019839350287055187,0.019047754116093107,0.01981044928410606,0.01950227413329572,0.020708373548146235,0.019839350287055187,0.020540027122479692,0.018991638640870927,0.01981044928410606,0.018991638640870927,0.019047754116093107,0.020158947850171683,0.0210944357519972,0.020158947850171683,0.020158947850171683,0.019047754116093107,0.01981044928410606,0.018991638640870927,0.0210944357519972,0.020540027122479692,0.020306749265784206,0.020306749265784206,0.020306749265784206,0.01950227413329572,0.019839350287055187,0.019839350287055187,0.019839350287055187,0.01981044928410606,0.0210944357519972
2021-06-01,0.019096786486666732,0.019096786486666732,0.02044408029496108,0.019430770843058987,0.02044408029496108,0.019096786486666732,0.019820774939740674,0.019329630441203095,0.019329630441203095,0.019820774939740674,0.022018425540428533,0.01952810037822852,0.01952810037822852,0.019430770843058987,0.019608357230643185,0.020698874841610856,0.019608357230643185,0.019430770843058987,0.022018425540428533,0.019329630441203095,0.019096786486666732,0.02002419900345836,0.02044408029496108,0.020698874841610856,0.019329630441203095,0.019096786486666732,0.02002419900345836,0.019430770843058987,0.019608357230643185,0.020698874841610856,0.019608357230643185,0.02044408029496108,0.019820774939740674,0.01952810037822852,0.019820774939740674,0.019820774939740674,0.02044408029496108,0.020698874841610856,0.019608357230643185,0.01952810037822852,0.019430770843058987,0.022018425540428533,0.022018425540428533,0.022018425540428533,0.019329630441203095,0.02002419900345836,0.02002419900345836,0.02002419900345836,0.020698874841610856,0.01952810037822852
2021-07-01,0.01997785657008705,0.01997785657008705,0.020448626662931013,0.019704097307428486,0.020448626662931013,0.01997785657008705,0.019322364670988437,0.01967604123392621,0.01967604123392621,0.019322364670988437,0.020745959210488184,0.02012710251480576,0.02012710251480576,0.019704097307428486,0.019322364670988437,0.020039920005410265,0.019322364670988437,0.019704097307428486,0.020745959210488184,0.01967604123392621,0.01997785657008705,0.02063566715294618,0.020448626662931013,0.020039920005410265,0.01967604123392621,0.01997785657008705,0.02063566715294618,0.019704097307428486,0.019322364670988437,0.020039920005410265,0.019322364670988437,0.020448626662931013,0.019322364670988437,0.02012710251480576,0.019322364670988437,0.019322364670988437,0.020448626662931013,0.020039920005410265,0.019322364670988437,0.02012710251480576,0.019704097307428486,0.020745959210488184,0.020745959210488184,0.020745959210488184,0.01967604123392621,0.02063566715294618,0.02063566715294618,0.02063566715294618,0.020039920005410265,0.02012710251480576
2021-08-02,0.02018874556570691,0.02018874556570691,0.020196252536046167,0.019549401925146905,0.020196252536046167,0.02018874556570691,0.019549401925146905,0.02076138664689831,0.02076138664689831,0.019549401925146905,0.019726363111373334,0.020986830349899104,0.020986830349899104,0.019549401925146905,0.019780866843940648,0.019832086276984528,0.019780866843940648,0.019549401925146905,0.019726363111373334,0.02076138664689831,0.02018874556570691,0.0194286648188572,0.020196252536046167,0.019832086276984528,0.02076138664689831,0.02018874556570691,0.0194286648188572,0.019549401925146905,0.019780866843940648,0.019832086276984528,0.019780866843940648,0.020196252536046167,0.019549401925146905,0.020986830349899104,0.019549401925146905,0.019549401925146905,0.020196252536046167,0.019832086276984528,0.019780866843940648,0.020986830349899104,0.019549401925146905,0.019726363111373334,0.019726363111373334,0.019726363111373334,0.02076138664689831,0.0194286648188572,0.0194286648188572,0.0194286648188572,0.019832086276984528,0.020986830349899104
2021-09-01,0.019321365423189338,0.019321365423189338,0.019591251412297086,0.019246672567061238,0.019591251412297086,0.019321365423189338,0.019676727114884145,0.02067315657598188,0.02067315657598188,0.019676727114884145,0.01973678048603877,0.020218702886536512,0.020218702886536512,0.019246672567061238,0.01994433060364657,0.020680161490834778,0.01994433060364657,0.019246672567061238,0.01973678048603877,0.02067315657598188,0.019321365423189338,0.02091085143952968,0.019591251412297086,0.020680161490834778,0.02067315657598188,0.019321365423189338,0.02091085143952968,0.019246672567061238,0.01994433060364657,0.020680161490834778,0.01994433060364657,0.019591251412297086,0.019676727114884145,0.020218702886536512,0.019676727114884145,0.019676727114884145,0.019591251412297086,0.020680161490834778,0.01994433060364657,0.020218702886536512,0.019246672567061238,0.01973678048603877,0.01973678048603877,0.01973678048603877,0.02067315657598188,0.02091085143952968,0.02091085143952968,0.02091085143952968,0.020680161490834778,0.020218702886536512
2021-10-01,0.019942494059689238,0.019942494059689238,0.020967819688242538,0.019031231728101717,0.020967819688242538,0.019942494059689238,0.0199079718348407,0.020241764427801897,0.020241764427801897,0.0199079718348407,0.0195591729594566,0.02052921637659704,0.02052921637659704,0.019031231728101717,0.01992406665588495,0.01959416170085715,0.01992406665588495,0.019031231728101717,0.0195591729594566,0.020241764427801897,0.019942494059689238,0.02030210056852817,0.020967819688242538,0.01959416170085715,0.020241764427801897,0.019942494059689238,0.02030210056852817,0.019031231728101717,0.01992406665588495,0.01959416170085715,0.01992406665588495,0.020967819688242538,0.0199079718348407,0.02052921637659704,0.0199079718348407,0.0199079718348407,0.020967819688242538,0.01959416170085715,0.01992406665588495,0.02052921637659704,0.019031231728101717,0.0195591729594566,0.0195591729594566,0.0195591729594566,0.020241764427801897,0.02030210056852817,0.02030210056852817,0.02030210056852817,0.01959416170085715,0.02052921637659704
2021-11-01,0.019710454985664105,0.019710454985664105,0.020030295447469107,0.019310539797635577,0.020030295447469107,0.019710454985664105,0.019818876776228195,0.019370290213577175,0.019370290213577175,0.019818876776228195,0.02066661445509263,0.021567913568196276,0.021567913568196276,0.019310539797635577,0.019101795377747553,0.019824836536386056,0.019101795377747553,0.019310539797635577,0.02066661445509263,0.019370290213577175,0.019710454985664105,0.02059838284200332,0.020030295447469107,0.019824836536386056,0.019370290213577175,0.019710454985664105,0.02059838284200332,0.019310539797635577,0.019101795377747553,0.019824836536386056,0.019101795377747553,0.020030295447469107,0.019818876776228195,0.021567913568196276,0.019818876776228195,0.019818876776228195,0.020030295447469107,0.019824836536386056,0.019101795377747553,0.021567913568196276,0.019310539797635577,0.02066661445509263,0.02066661445509263,0.02066661445509263,0.019370290213577175,0.02059838284200332,0.02059838284200332,0.02059838284200332,0.019824836536386056,0.021567913568196276
2021-12-01,0.0199845760698806,0.0199845760698806,0.020694185039251425,0.020183093487098687,0.020694185039251425,0.0199845760698806,0.01931854974874294,0.019797572508312773,0.019797572508312773,0.01931854974874294,0.019931102324176084,0.019293667456666563,0.019293667456666563,0.020183093487098687,0.01978544045907056,0.020016335765667536,0.01978544045907056,0.020183093487098687,0.019931102324176084,0.019797572508312773,0.0199845760698806,0.020995477141132826,0.020694185039251425,0.020016335765667536,0.019797572508312773,0.0199845760698806,0.020995477141132826,0.020183093487098687,0.01978544045907056,0.020016335765667536,0.01978544045907056,0.020694185039251425,0.01931854974874294,0.019293667456666563,0.01931854974874294,0.01931854974874294,0.020694185039251425,0.020016335765667536,0.01978544045907056,0.019293667456666563,0.020183093487098687,0.019931102324176084,0.019931102324176084,0.019931102324176084,0.019797572508312773,0.020995477141132826,0.020995477141132826,0.020995477141132826,0.020016335765667536,0.019293667456666563
2022-01-03,0.020058760652649374,0.020058760652649374,0.021353793564283588,0.019796989593998605,0.021353793564283588,0.020058760652649374,0.01948621896904447,0.019413457330967998,0.019413457330967998,0.01948621896904447,0.019881476960302975,0.020744909888555107,0.020744909888555107,0.019796989593998605,0.019413457330967998,0.0196665311607345,0.019413457330967998,0.019796989593998605,0.019881476960302975,0.019413457330967998,0.020058760652649374,0.020184404548495398,0.021353793564283588,0.0196665311607345,0.019413457330967998,0.020058760652649374,0.020184404548495398,0.019796989593998605,0.019413457330967998,0.0196665311607345,0.019413457330967998,0.021353793564283588,0.01948621896904447,0.020744909888555107,0.01948621896904447,0.01948621896904447,0.021353793564283588,0.0196665311607345,0.019413457330967998,0.020744909888555107,0.019796989593998605,0.019881476960302975,0.019881476960302975,0.019881476960302975,0.019413457330967998,0.020184404548495398,0.020184404548495398,0.020184404548495398,0.0196665311607345,0.020744909888555107
2022-02-01,0.020811748722588987,0.020811748722588987,0.02097999990330392,0.019674082140345436,0.02097999990330392,0.020811748722588987,0.020537578142520354,0.019280305946399876,0.019280305946399876,0.020537578142520354,0.020041750392455922,0.020238861634230706,0.020238861634230706,0.019674082140345436,0.018469472117499126,0.02076570651177442,0.018469472117499126,0.019674082140345436,0.020041750392455922,0.019280305946399876,0.020811748722588987,0.019200494488881253,0.02097999990330392,0.02076570651177442,0.019280305946399876,0.020811748722588987,0.019200494488881253,0.019674082140345436,0.018469472117499126,0.02076570651177442,0.018469472117499126,0.02097999990330392,0.020537578142520354,0.020238861634230706,0.020537578142520354,0.020537578142520354,0.02097999990330392,0.02076570651177442,0.018469472117499126,0.020238861634230706,0.019674082140345436,0.020041750392455922,0.020041750392455922,0.020041750392455922,0.019280305946399876,0.019200494488881253,0.019200494488881253,0.019200494488881253,0.02076570651177442,0.020238861634230706
2022-03-01,0.020526680647637414,0.020526680647637414,0.02103080000015177,0.02004380973990765,0.02103080000015177,0.020526680647637414,0.019086643189664756,0.019450826355812037,0.019450826355812037,0.019086643189664756,0.020220778930042146,0.020315713945847573,0.020315713945847573,0.02004380973990765,0.018971825700525177,0.021988497761514285,0.018971825700525177,0.02004380973990765,0.020220778930042146,0.019450826355812037,0.020526680647637414,0.018364423728897163,0.02103080000015177,0.021988497761514285,0.019450826355812037,0.020526680647637414,0.018364423728897163,0.02004380973990765,0.018971825700525177,0.021988497761514285,0.018971825700525177,0.02103080000015177,0.019086643189664756,0.020315713945847573,0.019086643189664756,0.019086643189664756,0.02103080000015177,0.021988497761514285,0.018971825700525177,0.020315713945847573,0.02004380973990765,0.020220778930042146,0.020220778930042146,0.020220778930042146,0.019450826355812037,0.018364423728897163,0.018364423728897163,0.018364423728897163,0.021988497761514285,0.020315713945847573
2022-04-01,0.019524371760667954,0.019524371760667954,0.02117727130613402,0.02043443826227768,0.02117727130613402,0.019524371760667954,0.01909956651428475,0.020443272367763044,0.020443272367763044,0.01909956651428475,0.020585923966774545,0.018905907558383835,0.018905907558383835,0.02043443826227768,0.020337339920247232,0.020154742800780168,0.020337339920247232,0.02043443826227768,0.020585923966774545,0.020443272367763044,0.019524371760667954,0.01933716554268678,0.02117727130613402,0.020154742800780168,0.020443272367763044,0.019524371760667954,0.01933716554268678,0.02043443826227768,0.020337339920247232,0.020154742800780168,0.020337339920247232,0.02117727130613402,0.01909956651428475,0.018905907558383835,0.01909956651428475,0.01909956651428475,0.02117727130613402,0.020154742800780168,0.020337339920247232,0.018905907558383835,0.02043443826227768,0.020585923966774545,0.020585923966774545,0.020585923966774545,0.020443272367763044,0.01933716554268678,0.01933716554268678,0.01933716554268678,0.020154742800780168,0.018905907558383835
2022-05-02,0.020255775640662835,0.020255775640662835,0.019198010820865273,0.020435588011692776,0.019198010820865273,0.020255775640662835,0.020176462400017133,0.021193308624110306,0.021193308624110306,0.020176462400017133,0.020109004079622236,0.018580407717476603,0.018580407717476603,0.020435588011692776,0.01912083911420036,0.020885692564441054,0.01912083911420036,0.020435588011692776,0.020109004079622236,0.021193308624110306,0.020255775640662835,0.020044911026911433,0.019198010820865273,0.020885692564441054,0.021193308624110306,0.020255775640662835,0.020044911026911433,0.020435588011692776,0.01912083911420036,0.020885692564441054,0.01912083911420036,0.019198010820865273,0.020176462400017133,0.018580407717476603,0.020176462400017133,0.020176462400017133,0.019198010820865273,0.020885692564441054,0.01912083911420036,0.018580407717476603,0.020435588011692776,0.020109004079622236,0.020109004079622236,0.020109004079622236,0.021193308624110306,0.020044911026911433,0.020044911026911433,0.020044911026911433,0.020885692564441054,0.018580407717476603
2022-06-01,0.021103357706476134,0.021103357706476134,0.02087001361483015,0.01976903015666329,0.02087001361483015,0.021103357706476134,0.01916752918656027,0.020167681286842588,0.020167681286842588,0.01916752918656027,0.01944257101413791,0.021127025994309222,0.021127025994309222,0.01976903015666329,0.01876197789723215,0.020179107356830973,0.01876197789723215,0.01976903015666329,0.01944257101413791,0.020167681286842588,0.021103357706476134,0.019411705786117325,0.02087001361483015,0.020179107356830973,0.020167681286842588,0.021103357706476134,0.019411705786117325,0.01976903015666329,0.01876197789723215,0.020179107356830973,0.01876197789723215,0.02087001361483015,0.01916752918656027,0.021127025994309222,0.01916752918656027,0.01916752918656027,0.02087001361483015,0.020179107356830973,0.01876197789723215,0.021127025994309222,0.01976903015666329,0.01944257101413791,0.01944257101413791,0.01944257101413791,0.020167681286842588,0.019411705786117325,0.019411705786117325,0.019411705786117325,0.020179107356830973,0.021127025994309222
2022-07-01,0.01939309638257458,0.01939309638257458,0.02093494859988908,0.019555388662811344,0.02093494859988908,0.01939309638257458,0.019145653543759227,0.020315774839861037,0.020315774839861037,0.019145653543759227,0.02055596439240883,0.019578584067854492,0.019578584067854492,0.019555388662811344,0.019260950573387385,0.020865589049955495,0.019260950573387385,0.019555388662811344,0.02055596439240883,0.020315774839861037,0.01939309638257458,0.02039404988749851,0.02093494859988908,0.020865589049955495,0.020315774839861037,0.01939309638257458,0.02039404988749851,0.019555388662811344,0.019260950573387385,0.020865589049955495,0.019260950573387385,0.02093494859988908,0.019145653543759227,0.019578584067854492,0.019145653543759227,0.019145653543759227,0.02093494859988908,0.020865589049955495,0.019260950573387385,0.019578584067854492,0.019555388662811344,0.02055596439240883,0.02055596439240883,0.02055596439240883,0.020315774839861037,0.02039404988749851,0.02039404988749851,0.02039404988749851,0.020865589049955495,0.019578584067854492
2022-08-01,0.019504369736146585,0.019504369736146585,0.02158979745748502,0.0207330690112283,0.02158979745748502,0.019504369736146585,0.019807841388691096,0.019099991503395256,0.019099991503395256,0.019807841388691096,0.01914187299756456,0.021811761857463065,0.021811761857463065,0.0207330690112283,0.018797798101121626,0.019944012638135618,0.018797798101121626,0.0207330690112283,0.01914187299756456,0.019099991503395256,0.019504369736146585,0.019569485308768873,0.02158979745748502,0.019944012638135618,0.019099991503395256,0.019504369736146585,0.019569485308768873,0.0207330690112283,0.018797798101121626,0.019944012638135618,0.018797798101121626,0.02158979745748502,0.019807841388691096,0.021811761857463065,0.019807841388691096,0.019807841388691096,0.02158979745748502,0.019944012638135618,0.018797798101121626,0.021811761857463065,0.0207330690112283,0.01914187299756456,0.01914187299756456,0.01914187299756456,0.019099991503395256,0.019569485308768873,0.019569485308768873,0.019569485308768873,0.019944012638135618,0.021811761857463065
2022-09-01,0.017947667688156636,0.017947667688156636,0.02080196051811704,0.020076203693067212,0.02080196051811704,0.017947667688156636,0.02061158665897745,0.020019114742215925,0.020019114742215925,0.02061158665897745,0.02113892456948317,0.0213442281949023,0.0213442281949023,0.020076203693067212,0.019359033417535667,0.018851962858145176,0.019359033417535667,0.020076203693067212,0.02113892456948317,0.020019114742215925,0.017947667688156636,0.01984931765939943,0.02080196051811704,0.018851962858145176,0.020019114742215925,0.017947667688156636,0.01984931765939943,0.020076203693067212,0.019359033417535667,0.018851962858145176,0.019359033417535667,0.02080196051811704,0.02061158665897745,0.0213442281949023,0.02061158665897745,0.02061158665897745,0.02080196051811704,0.018851962858145176,0.019359033417535667,0.0213442281949023,0.020076203693067212,0.02113892456948317,0.02113892456948317,0.02113892456948317,0.020019114742215925,0.01984931765939943,0.01984931765939943,0.01984931765939943,0.018851962858145176,0.0213442281949023
2022-10-03,0.019504400973035557,0.019504400973035557,0.018341470569419285,0.019643194290359677,0.018341470569419285,0.019504400973035557,0.020266554945457895,0.019847990500576555,0.019847990500576555,0.020266554945457895,0.0197353330805563,0.021108130838642433,0.021108130838642433,0.019643194290359677,0.019504400973035557,0.02129740154568477,0.019504400973035557,0.019643194290359677,0.0197353330805563,0.019847990500576555,0.019504400973035557,0.020751122283231987,0.018341470569419285,0.02129740154568477,0.019847990500576555,0.019504400973035557,0.020751122283231987,0.019643194290359677,0.019504400973035557,0.02129740154568477,0.019504400973035557,0.018341470569419285,0.020266554945457895,0.021108130838642433,0.020266554945457895,0.020266554945457895,0.018341470569419285,0.02129740154568477,0.019504400973035557,0.021108130838642433,0.019643194290359677,0.0197353330805563,0.0197353330805563,0.0197353330805563,0.019847990500576555,0.020751122283231987,0.020751122283231987,0.020751122283231987,0.02129740154568477,0.021108130838642433
2022-11-01,0.018708779880727788,0.018708779880727788,0.020081106302538933,0.020714286248822284,0.020081106302538933,0.018708779880727788,0.020421082250531516,0.019759090783231844,0.019759090783231844,0.020421082250531516,0.019970874171481686,0.02113553313661675,0.02113553313661675,0.020714286248822284,0.018708779880727788,0.020136708796344455,0.018708779880727788,0.020714286248822284,0.019970874171481686,0.019759090783231844,0.018708779880727788,0.020363758548976967,0.020081106302538933,0.020136708796344455,0.019759090783231844,0.018708779880727788,0.020363758548976967,0.020714286248822284,0.018708779880727788,0.020136708796344455,0.018708779880727788,0.020081106302538933,0.020421082250531516,0.02113553313661675,0.020421082250531516,0.020421082250531516,0.020081106302538933,0.020136708796344455,0.018708779880727788,0.02113553313661675,0.020714286248822284,0.019970874171481686,0.019970874171481686,0.019970874171481686,0.019759090783231844,0.020363758548976967,0.020363758548976967,0.020363758548976967,0.020136708796344455,0.02113553313661675
2022-12-01,0.02116546258579363,0.02116546258579363,0.01970060374853346,0.019689972757128502,0.01970060374853346,0.02116546258579363,0.019650890479373583,0.019437811759559095,0.019437811759559095,0.019650890479373583,0.01947046955329951,0.020789171379229643,0.020789171379229643,0.019689972757128502,0.01998978201113883,0.020637737113173408,0.01998978201113883,0.019689972757128502,0.01947046955329951,0.019437811759559095,0.02116546258579363,0.019468098612770348,0.01970060374853346,0.020637737113173408,0.019437811759559095,0.02116546258579363,0.019468098612770348,0.019689972757128502,0.01998978201113883,0.020637737113173408,0.01998978201113883,0.01970060374853346,0.019650890479373583,0.020789171379229643,0.019650890479373583,0.019650890479373583,0.01970060374853346,0.020637737113173408,0.01998978201113883,0.020789171379229643,0.019689972757128502,0.01947046955329951,0.01947046955329951,0.01947046955329951,0.019437811759559095,0.019468098612770348,0.019468098612770348,0.019468098612770348,0.020637737113173408,0.020789171379229643
2023-01-03,0.019920055104487,0.019920055104487,0.019934853975433875,0.019669791475385445,0.019934853975433875,0.019920055104487,0.01961679447157571,0.020092450328868104,0.020092450328868104,0.01961679447157571,0.019664755210403527,0.020846340456161634,0.020846340456161634,0.019669791475385445,0.019123705389345897,0.021365385673298265,0.019123705389345897,0.019669791475385445,0.019664755210403527,0.020092450328868104,0.019920055104487,0.019765867915040532,0.019934853975433875,0.021365385673298265,0.020092450328868104,0.019920055104487,0.019765867915040532,0.019669791475385445,0.019123705389345897,0.021365385673298265,0.019123705389345897,0.019934853975433875,0.01961679447157571,0.020846340456161634,0.01961679447157571,0.01961679447157571,0.019934853975433875,0.021365385673298265,0.019123705389345897,0.020846340456161634,0.019669791475385445,0.019664755210403527,0.019664755210403527,0.019664755210403527,0.020092450328868104,0.019765867915040532,0.019765867915040532,0.019765867915040532,0.021365385673298265,0.020846340456161634
2023-02-01,0.019365928499372357,0.019365928499372357,0.019064490118253324,0.020630486076150863,0.019064490118253324,0.019365928499372357,0.020250848350839967,0.021061818822473963,0.021061818822473963,0.020250848350839967,0.018795119650019294,0.021175640595195916,0.021175640595195916,0.020630486076150863,0.01965732151019006,0.020039431942036667,0.01965732151019006,0.020630486076150863,0.018795119650019294,0.021061818822473963,0.019365928499372357,0.019958914435467573,0.019064490118253324,0.020039431942036667,0.021061818822473963,0.019365928499372357,0.019958914435467573,0.020630486076150863,0.01965732151019006,0.020039431942036667,0.01965732151019006,0.019064490118253324,0.020250848350839967,0.021175640595195916,0.020250848350839967,0.020250848350839967,0.019064490118253324,0.020039431942036667,0.01965732151019006,0.021175640595195916,0.020630486076150863,0.018795119650019294,0.018795119650019294,0.018795119650019294,0.021061818822473963,0.019958914435467573,0.019958914435467573,0.019958914435467573,0.020039431942036667,0.021175640595195916
2023-03-01,0.019498580463422805,0.019498580463422805,0.02106987507620329,0.019937450358184058,0.02106987507620329,0.019498580463422805,0.019511017145071984,0.02048741110252327,0.02048741110252327,0.019511017145071984,0.019825672820662287,0.02041080724745715,0.02041080724745715,0.019937450358184058,0.019464246066231813,0.020255234278851765,0.019464246066231813,0.019937450358184058,0.019825672820662287,0.02048741110252327,0.019498580463422805,0.019539705441391567,0.02106987507620329,0.020255234278851765,0.02048741110252327,0.019498580463422805,0.019539705441391567,0.019937450358184058,0.019464246066231813,0.020255234278851765,0.019464246066231813,0.02106987507620329,0.019511017145071984,0.02041080724745715,0.019511017145071984,0.019511017145071984,0.02106987507620329,0.020255234278851765,0.019464246066231813,0.02041080724745715,0.019937450358184058,0.019825672820662287,0.019825672820662287,0.019825672820662287,0.02048741110252327,0.019539705441391567,0.019539705441391567,0.019539705441391567,0.020255234278851765,0.02041080724745715
2023-04-03,0.019917905488788894,0.019917905488788894,0.020912608456266257,0.019996506616544205,0.020912608456266257,0.019917905488788894,0.019671925727630005,0.01878620113534962,0.01878620113534962,0.019671925727630005,0.020435305955839075,0.020218336465986975,0.020218336465986975,0.019996506616544205,0.019219152854511968,0.020542537639308155,0.019219152854511968,0.019996506616544205,0.020435305955839075,0.01878620113534962,0.019917905488788894,0.020299519659774827,0.020912608456266257,0.020542537639308155,0.01878620113534962,0.019917905488788894,0.020299519659774827,0.019996506616544205,0.019219152854511968,0.020542537639308155,0.019219152854511968,0.020912608456266257,0.019671925727630005,0.020218336465986975,0.019671925727630005,0.019671925727630005,0.020912608456266257,0.020542537639308155,0.019219152854511968,0.020218336465986975,0.019996506616544205,0.020435305955839075,0.020435305955839075,0.020435305955839075,0.01878620113534962,0.020299519659774827,0.020299519659774827,0.020299519659774827,0.020542537639308155,0.020218336465986975
2023-05-01,0.018345738352779146,0.018345738352779146,0.021184134442052048,0.02022104378183121,0.021184134442052048,0.018345738352779146,0.01979172537209268,0.019735136558149444,0.019735136558149444,0.01979172537209268,0.018882212661226007,0.021731571385669363,0.021731571385669363,0.02022104378183121,0.020020628282517914,0.02073852648287011,0.020020628282517914,0.02022104378183121,0.018882212661226007,0.019735136558149444,0.018345738352779146,0.01934928268081207,0.021184134442052048,0.02073852648287011,0.019735136558149444,0.018345738352779146,0.01934928268081207,0.02022104378183121,0.020020628282517914,0.02073852648287011,0.020020628282517914,0.021184134442052048,0.01979172537209268,0.021731571385669363,0.01979172537209268,0.01979172537209268,0.021184134442052048,0.02073852648287011,0.020020628282517914,0.021731571385669363,0.02022104378183121,0.018882212661226007,0.018882212661226007,0.018882212661226007,0.019735136558149444,0.01934928268081207,0.01934928268081207,0.01934928268081207,0.02073852648287011,0.021731571385669363
2023-06-01,0.020377143838328674,0.020377143838328674,0.020967454617589584,0.019546064323754147,0.020967454617589584,0.020377143838328674,0.01974371707442159,0.019806953851902644,0.019806953851902644,0.01974371707442159,0.019391678841889522,0.02023221361625488,0.02023221361625488,0.019546064323754147,0.019405975194693253,0.020571770905863054,0.019405975194693253,0.019546064323754147,0.019391678841889522,0.019806953851902644,0.020377143838328674,0.019957027735302647,0.020967454617589584,0.020571770905863054,0.019806953851902644,0.020377143838328674,0.019957027735302647,0.019546064323754147,0.019405975194693253,0.020571770905863054,0.019405975194693253,0.020967454617589584,0.01974371707442159,0.02023221361625488,0.01974371707442159,0.01974371707442159,0.020967454617589584,0.020571770905863054,0.019405975194693253,0.02023221361625488,0.019546064323754147,0.019391678841889522,0.019391678841889522,0.019391678841889522,0.019806953851902644,0.019957027735302647,0.019957027735302647,0.019957027735302647,0.020571770905863054,0.02023221361625488
2023-07-03,0.019873134348636377,0.019873134348636377,0.020884659084954026,0.0207516679211416,0.020884659084954026,0.019873134348636377,0.019469036854390206,0.019898210907837433,0.019898210907837433,0.019469036854390206,0.019013311150024206,0.019850697427245958,0.019850697427245958,0.0207516679211416,0.019120604663386012,0.021479586865628075,0.019120604663386012,0.0207516679211416,0.019013311150024206,0.019898210907837433,0.019873134348636377,0.019659090776756125,0.020884659084954026,0.021479586865628075,0.019898210907837433,0.019873134348636377,0.019659090776756125,0.0207516679211416,0.019120604663386012,0.021479586865628075,0.019120604663386012,0.020884659084954026,0.019469036854390206,0.019850697427245958,0.019469036854390206,0.019469036854390206,0.020884659084954026,0.021479586865628075,0.019120604663386012,0.019850697427245958,0.0207516679211416,0.019013311150024206,0.019013311150024206,0.019013311150024206,0.019898210907837433,0.019659090776756125,0.019659090776756125,0.019659090776756125,0.021479586865628075,0.019850697427245958
2023-08-01,0.019727428243364934,0.019727428243364934,0.02170235677087128,0.019633151579971964,0.02170235677087128,0.019727428243364934,0.019093355753790738,0.019531224955484514,0.019531224955484514,0.019093355753790738,0.019966835597236107,0.021592925898834003,0.021592925898834003,0.019633151579971964,0.018214193082103754,0.020628666517067427,0.018214193082103754,0.019633151579971964,0.019966835597236107,0.019531224955484514,0.019727428243364934,0.019909861601275287,0.02170235677087128,0.020628666517067427,0.019531224955484514,0.019727428243364934,0.019909861601275287,0.019633151579971964,0.018214193082103754,0.020628666517067427,0.018214193082103754,0.02170235677087128,0.019093355753790738,0.021592925898834003,0.019093355753790738,0.019093355753790738,0.02170235677087128,0.020628666517067427,0.018214193082103754,0.021592925898834003,0.019633151579971964,0.019966835597236107,0.019966835597236107,0.019966835597236107,0.019531224955484514,0.019909861601275287,0.019909861601275287,0.019909861601275287,0.020628666517067427,0.021592925898834003
2023-09-01,0.02014982213102268,0.02014982213102268,0.0195608831620355,0.019621442247093012,0.0195608831620355,0.02014982213102268,0.020210978592998145,0.019252562000256872,0.019252562000256872,0.020210978592998145,0.0202090371180148,0.01958276209165554,0.01958276209165554,0.019621442247093012,0.019962096434555866,0.02124093107166432,0.019962096434555866,0.019621442247093012,0.0202090371180148,0.019252562000256872,0.02014982213102268,0.02020948515070326,0.0195608831620355,0.02124093107166432,0.019252562000256872,0.02014982213102268,0.02020948515070326,0.019621442247093012,0.019962096434555866,0.02124093107166432,0.019962096434555866,0.0195608831620355,0.020210978592998145,0.01958276209165554,0.020210978592998145,0.020210978592998145,0.0195608831620355,0.02124093107166432,0.019962096434555866,0.01958276209165554,0.019621442247093012,0.0202090371180148,0.0202090371180148,0.0202090371180148,0.019252562000256872,0.02020948515070326,0.02020948515070326,0.02020948515070326,0.02124093107166432,0.01958276209165554
2023-10-02,0.01897475596763189,0.01897475596763189,0.02022405530466749,0.02113793266988346,0.02022405530466749,0.01897475596763189,0.019147583053534943,0.019463436876475313,0.019463436876475313,0.019147583053534943,0.020554547895471724,0.020893704246848464,0.020893704246848464,0.02113793266988346,0.018671897785550267,0.02110282950204663,0.018671897785550267,0.02113793266988346,0.020554547895471724,0.019463436876475313,0.01897475596763189,0.019829256697889812,0.02022405530466749,0.02110282950204663,0.019463436876475313,0.01897475596763189,0.019829256697889812,0.02113793266988346,0.018671897785550267,0.02110282950204663,0.018671897785550267,0.02022405530466749,0.019147583053534943,0.020893704246848464,0.019147583053534943,0.019147583053534943,0.02022405530466749,0.02110282950204663,0.018671897785550267,0.020893704246848464,0.02113793266988346,0.020554547895471724,0.020554547895471724,0.020554547895471724,0.019463436876475313,0.019829256697889812,0.019829256697889812,0.019829256697889812,0.02110282950204663,0.020893704246848464
2023-11-01,0.020259305344795978,0.020259305344795978,0.021043167503374878,0.019491893123699762,0.021043167503374878,0.020259305344795978,0.019719777578735213,0.02012393292349346,0.02012393292349346,0.019719777578735213,0.019583876948430955,0.020654481136524676,0.020654481136524676,0.019491893123699762,0.018864607204921703,0.020411806829440562,0.018864607204921703,0.019491893123699762,0.019583876948430955,0.02012393292349346,0.020259305344795978,0.019847151406582844,0.021043167503374878,0.020411806829440562,0.02012393292349346,0.020259305344795978,0.019847151406582844,0.019491893123699762,0.018864607204921703,0.020411806829440562,0.018864607204921703,0.021043167503374878,0.019719777578735213,0.020654481136524676,0.019719777578735213,0.019719777578735213,0.021043167503374878,0.020411806829440562,0.018864607204921703,0.020654481136524676,0.019491893123699762,0.019583876948430955,0.019583876948430955,0.019583876948430955,0.02012393292349346,0.019847151406582844,0.019847151406582844,0.019847151406582844,0.020411806829440562,0.020654481136524676
2023-12-01,0.02017112539765258,0.02017112539765258,0.020342153108124303,0.020086137550313594,0.020342153108124303,0.02017112539765258,0.01931455910957383,0.01947536723804901,0.01947536723804901,0.01931455910957383,0.020695555270843345,0.020590203403496522,0.020590203403496522,0.020086137550313594,0.01908799999398848,0.019832000592134604,0.01908799999398848,0.020086137550313594,0.020695555270843345,0.01947536723804901,0.02017112539765258,0.02040489833582373,0.020342153108124303,0.019832000592134604,0.01947536723804901,0.02017112539765258,0.02040489833582373,0.020086137550313594,0.01908799999398848,0.019832000592134604,0.01908799999398848,0.020342153108124303,0.01931455910957383,0.020590203403496522,0.01931455910957383,0.01931455910957383,0.020342153108124303,0.019832000592134604,0.01908799999398848,0.020590203403496522,0.020086137550313594,0.020695555270843345,0.020695555270843345,0.020695555270843345,0.01947536723804901,0.02040489833582373,0.02040489833582373,0.02040489833582373,0.019832000592134604,0.020590203403496522
